<?xml version="1.0" encoding="UTF-8"?>
<project-private xmlns="http://www.netbeans.org/ns/project-private/1">
    <editor-bookmarks xmlns="http://www.netbeans.org/ns/editor-bookmarks/2" lastBookmarkId="0"/>
    <open-files xmlns="http://www.netbeans.org/ns/projectui-open-files/2">
        <group>
            <file>file:/E:/UMP%20P.RAYA%20Teknologi%20Informasi/File%20Semester%207%20Pend.Teknologi%20Informasi/Desktop%20Programming%20(VBDelphiFoxProJava)%20Pak.Heri%20Setiawan,%20M.Kom/NetBeansProjects/KonverensiSuhu1/src/konverensisuhu1/JfSuhu12.java</file>
            <file>file:/E:/UMP%20P.RAYA%20Teknologi%20Informasi/File%20Semester%207%20Pend.Teknologi%20Informasi/Desktop%20Programming%20(VBDelphiFoxProJava)%20Pak.Heri%20Setiawan,%20M.Kom/NetBeansProjects/KonverensiSuhu1/src/konverensisuhu1/KonverensiSuhu1.java.dina</file>
            <file>file:/E:/UMP%20P.RAYA%20Teknologi%20Informasi/File%20Semester%207%20Pend.Teknologi%20Informasi/Desktop%20Programming%20(VBDelphiFoxProJava)%20Pak.Heri%20Setiawan,%20M.Kom/NetBeansProjects/KonverensiSuhu1/src/konverensisuhu1/KonverensiSuhu1.java</file>
        </group>
    </open-files>
</project-private>
